<application>
  <component name="CPPToolchains" version="6">
    <toolchains detectedVersion="5">
      <toolchain name="Visual Studio" toolSetKind="MSVC" toolSetPath="D:\GreenSoftware\VisualStudio2019\Community" debuggerKind="BUNDLED_LLDB" />
      <toolchain name="MinGW" toolSetKind="MINGW" toolSetPath="D:\OpenSources\VSCppPortable\RunDir\Compiler\MinGW" debuggerKind="BUNDLED_GDB" />
      <toolchain name="MSVC10.0" toolSetKind="MSVC" toolSetPath="D:\OpenSources\VSCppPortable\RunDir\Compiler\VS 2010 MBuild" customCMakePath="D:\GreenSoftware\cmake-3.14.3-win64-x64\bin\cmake.exe" customMakePath="D:\OpenSources\VSCppPortable\RunDir\Compiler\VS 2010 MBuild\VC10.0\bin\nmake.exe" customCCompilerPath="D:\OpenSources\VSCppPortable\RunDir\Compiler\VS 2010 MBuild\VC10.0\bin\cl.exe" customCXXCompilerPath="D:\OpenSources\VSCppPortable\RunDir\Compiler\VS 2010 MBuild\VC10.0\bin\cl.exe" debuggerKind="BUNDLED_LLDB">
        <toolSetOption type="msvc.arch" value="x86" />
        <toolSetOption type="msvc.platform" value="onecore" />
        <toolSetOption type="version" value="8.1" />
      </toolchain>
    </toolchains>
  </component>
</application>