<application>
  <component name="DefaultFont">
    <option name="FONT_SIZE" value="20" />
  </component>
  <component name="TodoConfiguration">
    <pattern pattern="\btodo\b.*" />
    <pattern pattern="\bfixme\b.*" />
    <pattern useCustomColors="true" pattern="\bhack\b.*">
      <option name="FOREGROUND" value="892413" />
      <option name="FONT_TYPE" value="2" />
      <option name="ERROR_STRIPE_COLOR" value="b27928" />
    </pattern>
    <pattern useCustomColors="true" pattern="\bnote\b.*">
      <option name="FOREGROUND" value="168812" />
      <option name="FONT_TYPE" value="2" />
      <option name="ERROR_STRIPE_COLOR" value="32b2aa" />
    </pattern>
  </component>
</application>