<application>
  <component name="AppStorage">
    <option name="newTranslationDialogWidth" value="598" />
    <option name="newTranslationDialogX" value="2500" />
    <option name="newTranslationDialogY" value="419" />
    <option name="pinNewTranslationDialog" value="true" />
    <histories>
      <item value="On View Btn Shutdown Click" />
      <item value="Framework Facade" />
      <item value="Get Skill Drop Hp Shield Rates" />
      <item value="分解" />
      <item value="合成" />
      <item value="Bubble Event" />
      <item value="Bubble Call" />
      <item value="Not Invoke Immediately" />
      <item value="Invoke When Delete" />
      <item value="is Elite" />
      <item value="Parry" />
      <item value="Max Parry" />
      <item value="is Perfect Defend Fight Back" />
      <item value="has Hit Mask Shield" />
      <item value="Add Callee" />
      <item value="DROP HP" />
      <item value="RAISE HP" />
      <item value="Shield" />
      <item value="DEFEND" />
      <item value="ELUDE" />
      <item value="Can Be Perfect Defend" />
      <item value="存档点" />
      <item value="某时刻" />
      <item value="到达时间点" />
      <item value="累加时间" />
      <item value="累加时间达到" />
      <item value="context" />
      <item value="累加" />
      <item value="Account" />
      <item value="Arrive Point" />
      <item value="Is Assignable From" />
      <item value="Gets a dictionary item with the specified key" />
      <item value="Making this inherit OrderedDictionary for now because metadata doesn't work well for unordered dictionaries. The ideal solution would be to rework the MetadataDictionaryAdaptor to not require the index at all, then make this inherit Dictionary&lt;object, object&gt;" />
      <item value="Leaf" />
      <item value="Enqueue" />
      <item value="background" />
      <item value="pattern" />
      <item value="emphasis" />
      <item value="emphasis 2" />
      <item value="use Custom Colors" />
      <item value="is Fast Forward" />
      <item value="An optional exit code to return when the player application terminates on Windows, macOS, and Linux. Defaults to 0." />
      <item value="Encrypted" />
      <item value="Sequential Scan" />
      <item value="Delete On Close" />
      <item value="Asynchronous" />
      <item value="Write Through" />
      <item value="Last" />
      <item value="Single Column" />
      <item value="Get Snapping Position" />
    </histories>
    <option name="languageScores">
      <map>
        <entry key="CHINESE" value="80" />
        <entry key="ENGLISH" value="81" />
      </map>
    </option>
  </component>
  <component name="Cache">
    <option name="lastTrimTime" value="1645432506983" />
  </component>
</application>